{"cameraMode":{"drawMode":0,"name":"Shaded","section":"Shading Mode"},"sceneLighting":false,"audioPlay":false,"sceneViewState":{"showFog":true,"showMaterialUpdate":false,"showSkybox":true,"showFlares":true,"showImageEffects":true,"showParticleSystems":true},"in2DMode":false,"pivot":{"x":429.5799865722656,"y":0.8705416917800903,"z":3.8499999046325685},"rotation":{"x":0.36407995223999026,"y":0.03351868316531181,"z":-0.013112543150782586,"w":0.9306721091270447},"size":11.671928405761719,"orthographic":false}