{"cameraMode":{"drawMode":0,"name":"Shaded","section":"Shading Mode"},"sceneLighting":false,"audioPlay":false,"sceneViewState":{"showFog":true,"showMaterialUpdate":false,"showSkybox":true,"showFlares":true,"showImageEffects":true,"showParticleSystems":true},"in2DMode":false,"pivot":{"x":426.64678955078127,"y":3.311575412750244,"z":10.867609024047852},"rotation":{"x":0.14792411029338838,"y":-0.020172033458948137,"z":0.003017751034349203,"w":0.9887881875038147},"size":1.5726842880249024,"orthographic":false}