{"cameraMode":{"drawMode":0,"name":"Shaded","section":"Shading Mode"},"sceneLighting":false,"audioPlay":false,"sceneViewState":{"showFog":true,"showMaterialUpdate":false,"showSkybox":true,"showFlares":true,"showImageEffects":true,"showParticleSystems":true},"in2DMode":false,"pivot":{"x":8.09999942779541,"y":3.4782936573028566,"z":5.309999942779541},"rotation":{"x":-0.23263537883758546,"y":0.17595307528972627,"z":-0.0428367517888546,"w":-0.9555561542510986},"size":19.767364501953126,"orthographic":false}