{"cameraMode":{"drawMode":0,"name":"Shaded","section":"Shading Mode"},"sceneLighting":false,"audioPlay":false,"sceneViewState":{"showFog":true,"showMaterialUpdate":false,"showSkybox":true,"showFlares":true,"showImageEffects":true,"showParticleSystems":true},"in2DMode":false,"pivot":{"x":430.31195068359377,"y":4.848749160766602,"z":59.04955291748047},"rotation":{"x":0.33948835730552676,"y":0.3460903763771057,"z":-0.1359899342060089,"w":0.8639888763427734},"size":88.85691833496094,"orthographic":false}