{"cameraMode":{"drawMode":0,"name":"Shaded","section":"Shading Mode"},"sceneLighting":false,"audioPlay":false,"sceneViewState":{"showFog":true,"showMaterialUpdate":false,"showSkybox":true,"showFlares":true,"showImageEffects":true,"showParticleSystems":true},"in2DMode":false,"pivot":{"x":0.6908851265907288,"y":0.32337087392807009,"z":-3.213402271270752},"rotation":{"x":0.06480059772729874,"y":0.7426981329917908,"z":-0.07264330238103867,"w":0.6625137329101563},"size":6.983321189880371,"orthographic":false}