{"cameraMode":{"drawMode":0,"name":"Shaded","section":"Shading Mode"},"sceneLighting":false,"audioPlay":false,"sceneViewState":{"showFog":true,"showMaterialUpdate":false,"showSkybox":true,"showFlares":true,"showImageEffects":true,"showParticleSystems":true},"in2DMode":false,"pivot":{"x":437.0279235839844,"y":0.18883895874023438,"z":9.688878059387207},"rotation":{"x":0.7070945501327515,"y":0.004242618568241596,"z":-0.004242611117660999,"w":0.7070940732955933},"size":24.94234848022461,"orthographic":false}