{"cameraMode":{"drawMode":0,"name":"Shaded","section":"Shading Mode"},"sceneLighting":false,"audioPlay":false,"sceneViewState":{"showFog":true,"showMaterialUpdate":false,"showSkybox":true,"showFlares":true,"showImageEffects":true,"showParticleSystems":true},"in2DMode":false,"pivot":{"x":103.04592895507813,"y":4.375581741333008,"z":147.98886108398438},"rotation":{"x":-0.020985305309295656,"y":-0.03538288176059723,"z":-0.0007431511767208576,"w":0.9991533160209656},"size":20.196205139160158,"orthographic":false}